"flagCode","country","AutismRate_2021","AutismRate_2020","AutismRate_2019"
"SG","Singapore",1457.54,1466.21,1459.11
"KR","South Korea",1446.75,1452.72,1438.93
"JP","Japan",1445.71,1448.72,1447.99
"BN","Brunei",1389.44,1388.97,1384.25
"AU","Australia",1157.54,1158.32,1156.79
"NZ","New Zealand",1136.93,1134.77,1135.64
"CA","Canada",1068.33,1067.73,1066.04
"CL","Chile",1057.02,1057.04,1054.73
"US","United States",1049.59,1048.68,1049.26
"IE","Ireland",1037.25,1036.89,1039.71
"AR","Argentina",1027.4,1026.49,1022.24
"QA","Qatar",1018.96,1023.12,1029.93
"UY","Uruguay",1013.18,1011.14,1010.99
"IS","Iceland",1012.37,1015.6,1010.65
"GL","Greenland",1007.17,1006.52,1005.47
"GQ","Equatorial Guinea",984.01,984.39,980.22
"SI","Slovenia",965.73,965.27,967.34
"DJ","Djibouti",964.62,963.96,962.96
"CV","Cape Verde",963.43,967.14,965.3
"UG","Uganda",958.93,955.59,955.67
"ES","Spain",956.63,960.44,961.83
"ST","Sao Tome and Principe",955.74,959.5,957.62
"SE","Sweden",953.35,954.92,954.09
"CI","Ivory Coast",952.68,953.03,951.97
"MR","Mauritania",952.21,956.58,953.47
"ME","Montenegro",947.74,946.95,950.19
"LR","Liberia",947.63,951,950.77
"KE","Kenya",947.43,946.16,946.51
"ZM","Zambia",945.53,947.52,946.91
"SS","South Sudan",942.89,941.98,942.07
"TZ","Tanzania",942.29,940.44,939.71
"GM","Gambia",942.22,943.1,939.99
"ET","Ethiopia",941.83,941.33,940.39
"HR","Croatia",941.11,939.19,941.1
"SN","Senegal",940.92,943.19,942.48
"SO","Somalia",940.34,940.94,941.03
"BJ","Benin",940.12,940.44,938.62
"CM","Cameroon",940.06,941.74,944.81
"NE","Niger",938.97,942.39,939.89
"ML","Mali",938.96,942.85,939.67
"MG","Madagascar",937.91,939.37,938.21
"CD","DR Congo",937.72,939.27,936.23
"ER","Eritrea",937.71,938.5,938.99
"NA","Namibia",937.66,938.27,937.75
"MW","Malawi",936.97,935.69,936.52
"BI","Burundi",936.16,937.22,938.6
"TD","Chad",935.47,935.89,935.88
"AO","Angola",935.08,933.91,929.83
"GA","Gabon",935.01,935.78,932.03
"GH","Ghana",934.53,937.19,936.62
"RW","Rwanda",933.93,932.07,934.57
"MK","North Macedonia",932.95,932.27,935.21
"KM","Comoros",932.68,931.29,932.41
"BW","Botswana",932.1,931.72,933.6
"TG","Togo",932.06,935.03,933.88
"CG","Republic of the Congo",932.03,933.66,930.2
"SL","Sierra Leone",931.86,933.03,932.94
"MZ","Mozambique",930.89,928.03,929.35
"NG","Nigeria",930.49,931.66,932.04
"SZ","Eswatini",928.97,931.23,930.1
"SK","Slovakia",927.62,928.15,931.48
"BF","Burkina Faso",927.03,928.85,926.13
"BA","Bosnia and Herzegovina",925.79,923.06,927.07
"GN","Guinea",924.9,924.9,923.09
"RS","Serbia",924.02,923.02,923.58
"ZA","South Africa",923.41,924.56,924.86
"ZW","Zimbabwe",922.23,922.35,923.91
"GW","Guinea-Bissau",919.37,922.11,923.67
"IT","Italy",917.11,923.55,919.83
"PL","Poland",917.1,915.75,918.31
"HU","Hungary",914.87,914.91,915.41
"AL","Albania",912.79,914.45,915.78
"KG","Kyrgyzstan",908.69,909.65,908.56
"LS","Lesotho",908.22,906.84,909.73
"EE","Estonia",905.33,905.61,906.17
"CF","Central African Republic",904.49,904.87,903.54
"KZ","Kazakhstan",902.88,903.32,903.9
"BY","Belarus",902.05,905.35,901.9
"TM","Turkmenistan",899.83,901.24,901.88
"UZ","Uzbekistan",894.49,895.02,896.66
"TJ","Tajikistan",894.3,895.31,896.82
"AM","Armenia",894.3,895.69,899.12
"AZ","Azerbaijan",893.07,896.02,896.82
"DK","Denmark",891.92,894.21,896.22
"AE","United Arab Emirates",890.97,899.7,908.9
"RU","Russia",887.95,886.75,888
"RO","Romania",886.83,887.25,890.42
"MN","Mongolia",881.97,884.16,886.55
"TW","Taiwan",880.88,882.79,879.64
"LT","Lithuania",877.82,879.49,879.38
"MD","Moldova",876.7,878.12,877.22
"LV","Latvia",875.62,874.99,874.28
"BG","Bulgaria",875.39,873.57,875.04
"BH","Bahrain",875.25,879.1,878.11
"UA","Ukraine",869.02,871.44,872.61
"GE","Georgia",868.99,869.09,873.11
"AD","Andorra",868.55,871.83,873.23
"LU","Luxembourg",868.25,870.73,869
"OM","Oman",866.49,864.18,864.32
"LB","Lebanon",865.48,867.25,868.59
"CY","Cyprus",852.86,857.44,857.93
"CH","Switzerland",851.27,853.66,954.6
"NL","Netherlands",850.05,853.77,853.92
"SA","Saudi Arabia",838.95,839.94,841.32
"AT","Austria",837.69,841.14,839.47
"KW","Kuwait",837.68,840.64,844.13
"MT","Malta",837.61,842.72,842.96
"BE","Belgium",832.67,834.46,834.14
"DE","Germany",830.58,833.38,831.93
"JO","Jordan",826.79,828.32,828.08
"FR","France",824.99,828.29,830.13
"SM","San Marino",824.8,829.44,829.5
"MC","Monaco",813.87,817.86,817.02
"GR","Greece",809.45,812.65,813.57
"PS","Palestine",806.55,806.79,806.9
"IR","Iran",793.31,797.01,798.39
"MV","Maldives",790.59,787.37,786.74
"PT","Portugal",790.17,794.77,795.06
"EG","Egypt",783.77,782.7,782.49
"DZ","Algeria",783.16,783.02,783.5
"CR","Costa Rica",782.4,708.06,784.13
"IL","Israel",782.03,783.96,780.85
"TR","Turkey",780.61,779.78,782.14
"TN","Tunisia",779.03,779.42,781.78
"LY","Libya",777.58,781.18,784.2
"PA","Panama",777.54,779.19,776.34
"NO","Norway",770.11,776.49,773.94
"NI","Nicaragua",769.42,773.11,769.97
"SY","Syria",766.37,765.55,768.3
"SD","Sudan",765.72,763.93,765.28
"FI","Finland",763.51,770.31,771.64
"CO","Colombia",763.44,765.38,762.86
"YE","Yemen",760.44,762.13,761.95
"MA","Morocco",759.99,761.39,760.14
"MX","Mexico",758.11,758.8,759.85
"AF","Afghanistan",751.62,749.12,751.82
"VE","Venezuela",750.46,752.22,756.78
"HN","Honduras",749.18,751.79,751.19
"SV","El Salvador",747.09,748.17,748.11
"GT","Guatemala",742.47,744.37,743.94
"LK","Sri Lanka",741.53,746.32,744.86
"MY","Malaysia",738.81,740.87,741.28
"MP","Northern Mariana Islands",733.49,730.97,732.66
"SC","Seychelles",731.38,733.17,734.41
"IQ","Iraq",728.18,723.58,720.15
"VN","Vietnam",726.78,729.13,729.1
"PW","Palau",717.87,717.71,719.36
"IN","India",715.45,716.72,716.68
"WS","Samoa",713.56,713.91,714.88
"GU","Guam",712.59,712.96,716.53
"AS","American Samoa",712.46,711,715.87
"TK","Tokelau",710.83,709.05,709.04
"MU","Mauritius",710.43,712.38,713.88
"GB","United Kingdom",710.08,713.74,728.64
"CK","Cook Islands",709.77,708.06,712.28
"TO","Tonga",708.87,707.69,710.18
"AG","Antigua and Barbuda",701.56,702.94,704.74
"PH","Philippines",699.57,701.77,702.94
"FM","Micronesia",698.72,696.62,699.99
"NR","Nauru",698.54,697.68,698.43
"SB","Solomon Islands",698.34,697.3,700.08
"TL","Timor-Leste",697.71,699.91,699.94
"BM","Bermuda",696.83,699.49,702.23
"TH","Thailand",696.04,698.31,702.02
"MH","Marshall Islands",695.89,696.24,700.02
"BZ","Belize",695.84,695.05,697.63
"PG","Papua New Guinea",695.48,695.27,697.22
"KP","North Korea",695.45,694.36,693.28
"VU","Vanuatu",695.32,694.84,697.07
"JM","Jamaica",695.2,697.28,698.37
"FJ","Fiji",694.7,694.11,696.21
"TV","Tuvalu",693.79,692.9,695.19
"GD","Grenada",693.77,694.58,695.51
"PE","Peru",693.55,693.65,691.89
"CU","Cuba",690.49,691.68,693.52
"NU","Niue",690.31,689.23,690.59
"BS","Bahamas",688.88,691.44,693
"KH","Cambodia",687,686.45,688.37
"KN","Saint Kitts and Nevis",686.96,689.28,691.33
"LA","Laos",686.71,687.52,690.19
"EC","Ecuador",686.49,687.97,685.49
"LC","Saint Lucia",683.96,686.79,687.48
"DM","Dominica",683.57,684.71,686.09
"VC","Saint Vincent and the Grenadines",682.06,684.82,684.36
"DO","Dominican Republic",680.64,682.17,682.54
"PR","Puerto Rico",680.52,683.19,687.02
"TT","Trinidad and Tobago",680.39,681.33,683.3
"BB","Barbados",678.45,681.4,682.83
"MM","Myanmar",675.57,675.04,676.71
"BO","Bolivia",674.62,675.68,673.84
"GY","Guyana",672.33,676.35,674.67
"KI","Kiribati",671.78,670.93,672.93
"SR","Suriname",668.6,670.52,672.3
"VI","United States Virgin Islands",659.98,663.15,666.03
"PK","Pakistan",656.88,655.54,655.59
"BT","Bhutan",655.99,657.47,659.51
"ID","Indonesia",652.58,652.61,655.5
"HT","Haiti",652.35,653.65,655.07
"NP","Nepal",638.79,638.39,639.77
"CN","China",638.11,637.83,636.83
"PY","Paraguay",635.62,634.46,635.88
"BR","Brazil",606.07,607.26,607.36
"BD","Bangladesh",593.9,593.37,595.63